q,index,sigma
29,0,5.000000000000002
29,1,4.999999999999996
29,2,4.795831523312718
29,3,4.582575694955841
29,4,4.582575694955839
29,5,3.0000000000000018
29,6,3.0000000000000004
29,7,1.0
29,8,0.9999999999999991
29,9,8.139536825657223e-08
29,10,6.051673892626943e-08
29,11,5.6522105531918485e-08
29,12,5.633232531354766e-08
29,13,5.354150425792288e-08
29,14,3.9579096184642274e-08
29,15,3.620226718401155e-08
29,16,2.478162988106754e-08
29,17,1.1310575250318131e-08
29,18,0.0
29,19,0.0
29,20,0.0
29,21,0.0
29,22,0.0
29,23,0.0
29,24,0.0
29,25,0.0
29,26,0.0
29,27,0.0
29,28,0.0
61,0,13.228756555322954
61,1,13.228756555322953
61,2,13.152946437965916
61,3,13.152946437965907
61,4,12.845232578665135
61,5,12.688577540449527
61,6,12.688577540449522
61,7,11.704699910719633
61,8,11.704699910719626
61,9,9.848857801796111
61,10,9.848857801796106
61,11,7.280109889280522
61,12,7.280109889280518
61,13,4.123105625617662
61,14,4.12310562561766
61,15,1.0000000000000153
61,16,1.0000000000000002
61,17,5.435833074030555e-07
61,18,4.870337871634095e-07
61,19,4.049474507243616e-07
61,20,4.0045854077818153e-07
61,21,3.552238488622123e-07
61,22,3.543879952789746e-07
61,23,3.46993872591328e-07
61,24,3.209855851417102e-07
61,25,3.049465914412145e-07
61,26,2.531673498218519e-07
61,27,2.5216915809393524e-07
61,28,2.3604679548706355e-07
61,29,2.0948437824829174e-07
61,30,1.9870172849498487e-07
61,31,1.699032677325171e-07
61,32,1.4265521686691196e-07
61,33,1.22294891243992e-07
61,34,8.154422658282106e-08
61,35,5.855145008468678e-08
61,36,3.583976983896098e-08
61,37,0.0
61,38,0.0
61,39,0.0
61,40,0.0
61,41,0.0
61,42,0.0
61,43,0.0
61,44,0.0
61,45,0.0
61,46,0.0
61,47,0.0
61,48,0.0
61,49,0.0
61,50,0.0
61,51,0.0
61,52,0.0
61,53,0.0
61,54,0.0
61,55,0.0
61,56,0.0
61,57,0.0
61,58,0.0
61,59,0.0
61,60,0.0
101,0,21.283796653792773
101,1,21.283796653792763
101,2,21.28379665379276
101,3,21.28379665379275
101,4,20.90454496036688
101,5,20.904544960366856
101,6,20.856653614614217
101,7,20.273134932713294
101,8,20.273134932713287
101,9,19.31320791582797
101,10,19.313207915827967
101,11,17.6351920885484
101,12,17.635192088548397
101,13,15.264337522473747
101,14,15.264337522473744
101,15,12.288205727444515
101,16,12.288205727444502
101,17,8.774964387392137
101,18,8.774964387392128
101,19,4.7958315233127164
101,20,4.79583152331271
101,21,0.9999999999999816
101,22,0.9999999999999638
101,23,6.253707756567305e-07
101,24,5.511314908814265e-07
101,25,4.724525304993498e-07
101,26,4.514054148913285e-07
101,27,4.4489407091609726e-07
101,28,4.292262112392729e-07
101,29,4.0308341372858023e-07
101,30,4.02587623882235e-07
101,31,3.6852111997928756e-07
101,32,3.4069692543185624e-07
101,33,3.39589953248377e-07
101,34,3.2198775973305213e-07
101,35,3.093645174168059e-07
101,36,3.0663039680861354e-07
101,37,3.0362708399399436e-07
101,38,2.9280571850938165e-07
101,39,2.808148281384264e-07
101,40,2.712914054467707e-07
101,41,2.5761125414134596e-07
101,42,2.5751209326767544e-07
101,43,2.4269041946085617e-07
101,44,2.3466763222142324e-07
101,45,2.147739569517025e-07
101,46,2.1162883561663292e-07
101,47,2.0106788430110564e-07
101,48,2.006901093085691e-07
101,49,1.964148554666761e-07
101,50,1.9258136610418585e-07
101,51,1.866784973037903e-07
101,52,1.8146339122500682e-07
101,53,1.6654634020059543e-07
101,54,1.501592782782326e-07
101,55,1.338395986767121e-07
101,56,1.289049356798309e-07
101,57,1.2444640166122626e-07
101,58,1.1846686564078756e-07
101,59,1.0765513770021994e-07
101,60,8.79927218691714e-08
101,61,8.16677512537599e-08
101,62,6.387674492938735e-08
101,63,6.182823099813198e-08
101,64,0.0
101,65,0.0
101,66,0.0
101,67,0.0
101,68,0.0
101,69,0.0
101,70,0.0
101,71,0.0
101,72,0.0
101,73,0.0
101,74,0.0
101,75,0.0
101,76,0.0
101,77,0.0
101,78,0.0
101,79,0.0
101,80,0.0
101,81,0.0
101,82,0.0
101,83,0.0
101,84,0.0
101,85,0.0
101,86,0.0
101,87,0.0
101,88,0.0
101,89,0.0
101,90,0.0
101,91,0.0
101,92,0.0
101,93,0.0
101,94,0.0
101,95,0.0
101,96,0.0
101,97,0.0
101,98,0.0
101,99,0.0
101,100,0.0
151,0,27.40437921208945
151,1,27.404379212089424
151,2,27.36786436680805
151,3,27.367864366807968
151,4,27.110883423451916
151,5,27.11088342345191
151,6,26.92582403567252
151,7,26.514147167125703
151,8,26.514147167125703
151,9,25.709920264364893
151,10,25.709920264364886
151,11,24.55605831561735
151,12,24.55605831561735
151,13,22.737634001804146
151,14,22.737634001804146
151,15,20.27313493271329
151,16,20.273134932713287
151,17,17.23368793961409
151,18,17.23368793961409
151,19,13.674794331177345
151,20,13.67479433117734
151,21,9.643650760992964
151,22,9.643650760992957
151,23,5.196152422706641
151,24,5.196152422706598
151,25,1.0000000000001272
151,26,0.9999999999999877
151,27,7.571305090307671e-07
151,28,6.990313203669515e-07
151,29,6.454150612106695e-07
151,30,6.337516762611314e-07
151,31,6.139204291805074e-07
151,32,5.823915691356613e-07
151,33,5.542865804262516e-07
151,34,5.325816433245915e-07
151,35,5.121513365204405e-07
151,36,4.957307211129469e-07
151,37,4.921698114275315e-07
151,38,4.897839177808442e-07
151,39,4.5532469210689927e-07
151,40,4.4231482597451006e-07
151,41,4.3586032924374275e-07
151,42,4.291012515129726e-07
151,43,4.255584428049024e-07
151,44,4.1757100329495216e-07
151,45,4.049010683187147e-07
151,46,4.033110176522969e-07
151,47,3.90082933424271e-07
151,48,3.8558692501205165e-07
151,49,3.7439133612573615e-07
151,50,3.7276489180989285e-07
151,51,3.6779612661151324e-07
151,52,3.674586548363316e-07
151,53,3.6260276936254484e-07
151,54,3.5114804328028417e-07
151,55,3.470695499174769e-07
151,56,3.4461577403151285e-07
151,57,3.419763524283573e-07
151,58,3.4096173285693104e-07
151,59,3.26416863139757e-07
151,60,3.2015489248601133e-07
151,61,3.1088657904231843e-07
151,62,3.1060494084992447e-07
151,63,3.08955865041157e-07
151,64,2.9887636451203245e-07
151,65,2.9638204087148033e-07
151,66,2.9600483684378714e-07
151,67,2.8966362162355084e-07
151,68,2.8264551728343755e-07
151,69,2.810861216836396e-07
151,70,2.8089814484789245e-07
151,71,2.727984484446697e-07
151,72,2.703038582374654e-07
151,73,2.7007262409541945e-07
151,74,2.6545581654136127e-07
151,75,2.6531115290585884e-07
151,76,2.5625587555873624e-07
151,77,2.385818258846882e-07
151,78,2.3824657691459619e-07
151,79,2.3064552560155032e-07
151,80,2.2969342094634855e-07
151,81,2.224660646705285e-07
151,82,2.1883847089326488e-07
151,83,2.1389818291470304e-07
151,84,2.133883680735381e-07
151,85,2.087823614780268e-07
151,86,1.980111952373256e-07
151,87,1.8686515430007564e-07
151,88,1.7882567887748737e-07
151,89,1.7847355646539978e-07
151,90,1.74479983889754e-07
151,91,1.6699612651086746e-07
151,92,1.6080929301685008e-07
151,93,1.5144245784374284e-07
151,94,1.4097187774202818e-07
151,95,1.2886758901483362e-07
151,96,1.1985920905716795e-07
151,97,1.1289016145824496e-07
151,98,6.718048151614249e-08
151,99,6.394721430688232e-08
151,100,0.0
151,101,0.0
151,102,0.0
151,103,0.0
151,104,0.0
151,105,0.0
151,106,0.0
151,107,0.0
151,108,0.0
151,109,0.0
151,110,0.0
151,111,0.0
151,112,0.0
151,113,0.0
151,114,0.0
151,115,0.0
151,116,0.0
151,117,0.0
151,118,0.0
151,119,0.0
151,120,0.0
151,121,0.0
151,122,0.0
151,123,0.0
151,124,0.0
151,125,0.0
151,126,0.0
151,127,0.0
151,128,0.0
151,129,0.0
151,130,0.0
151,131,0.0
151,132,0.0
151,133,0.0
151,134,0.0
151,135,0.0
151,136,0.0
151,137,0.0
151,138,0.0
151,139,0.0
151,140,0.0
151,141,0.0
151,142,0.0
151,143,0.0
151,144,0.0
151,145,0.0
151,146,0.0
151,147,0.0
151,148,0.0
151,149,0.0
151,150,0.0
211,0,30.67572330035597
211,1,30.6757233003559
211,2,30.610455730027997
211,3,30.610455730027873
211,4,30.380915061926636
211,5,30.380915061926597
211,6,30.14962686336267
211,7,29.81610303175116
211,8,29.816103031751126
211,9,29.068883707497275
211,10,29.068883707497253
211,11,28.017851452243807
211,12,28.017851452243786
211,13,26.476404589747453
211,14,26.476404589747446
211,15,24.2693221990232
211,16,24.269322199023186
211,17,21.47091055358389
211,18,21.47091055358388
211,19,18.138357147217057
211,20,18.138357147217047
211,21,14.317821063276353
211,22,14.31782106327635
211,23,10.049875621120899
211,24,10.049875621120885
211,25,5.3851648071344975
211,26,5.385164807134485
211,27,1.0000000000000735
211,28,1.0000000000000533
211,29,8.632195436998422e-07
211,30,6.942155017940202e-07
211,31,6.776417514433838e-07
211,32,6.4528243333804e-07
211,33,6.223330503411231e-07
211,34,5.960774903375225e-07
211,35,5.879496760339178e-07
211,36,5.761040515137118e-07
211,37,5.347681268967312e-07
211,38,5.340655779388332e-07
211,39,4.886633827600426e-07
211,40,4.6302456943409727e-07
211,41,4.5166546187650124e-07
211,42,4.397887979466133e-07
211,43,4.3019582089895967e-07
211,44,4.0681786453401035e-07
211,45,4.01405474969861e-07
211,46,3.829984155131236e-07
211,47,3.789579035398209e-07
211,48,3.639886960154765e-07
211,49,3.5735356299991065e-07
211,50,3.5010173435041063e-07
211,51,3.4471967691829496e-07
211,52,3.3837421231023033e-07
211,53,3.336314143958722e-07
211,54,3.215578471555962e-07
211,55,3.2077000205223063e-07
211,56,3.034447226208088e-07
211,57,3.0185882862571273e-07
211,58,2.97374728589658e-07
211,59,2.961078857635053e-07
211,60,2.872856440230001e-07
211,61,2.8446222336665246e-07
211,62,2.814135458347167e-07
211,63,2.8123936819620775e-07
211,64,2.6461462884428463e-07
211,65,2.632136319668238e-07
211,66,2.576152292800765e-07
211,67,2.4904151155258935e-07
211,68,2.4442491142125637e-07
211,69,2.434222665943408e-07
211,70,2.4041413126909884e-07
211,71,2.2863680623813944e-07
211,72,2.2579554789533965e-07
211,73,2.2422354889655625e-07
211,74,2.233474677998156e-07
211,75,2.1338707417824012e-07
211,76,2.0151389505246827e-07
211,77,1.9982370411611293e-07
211,78,1.9161201765697354e-07
211,79,1.8991532034778714e-07
211,80,1.7650085404729112e-07
211,81,1.684756708205246e-07
211,82,1.5729889673948616e-07
211,83,1.5341549114518953e-07
211,84,1.5260960606405405e-07
211,85,1.501408333145659e-07
211,86,1.4483419189544794e-07
211,87,1.4423906755916025e-07
211,88,1.1279166143135891e-07
211,89,1.0710982422081258e-07
211,90,1.0124597256622662e-07
211,91,1.0042594366980522e-07
211,92,9.988520619066144e-08
211,93,9.814231017012713e-08
211,94,8.111015471983968e-08
211,95,7.019543778931567e-08
211,96,5.018159996075746e-08
211,97,3.7557548655257924e-08
211,98,2.5909105056627988e-08
211,99,0.0
211,100,0.0
211,101,0.0
211,102,0.0
211,103,0.0
211,104,0.0
211,105,0.0
211,106,0.0
211,107,0.0
211,108,0.0
211,109,0.0
211,110,0.0
211,111,0.0
211,112,0.0
211,113,0.0
211,114,0.0
211,115,0.0
211,116,0.0
211,117,0.0
211,118,0.0
211,119,0.0
211,120,0.0
211,121,0.0
211,122,0.0
211,123,0.0
211,124,0.0
211,125,0.0
211,126,0.0
211,127,0.0
211,128,0.0
211,129,0.0
211,130,0.0
211,131,0.0
211,132,0.0
211,133,0.0
211,134,0.0
211,135,0.0
211,136,0.0
211,137,0.0
211,138,0.0
211,139,0.0
211,140,0.0
211,141,0.0
211,142,0.0
211,143,0.0
211,144,0.0
211,145,0.0
211,146,0.0
211,147,0.0
211,148,0.0
211,149,0.0
211,150,0.0
211,151,0.0
211,152,0.0
211,153,0.0
211,154,0.0
211,155,0.0
211,156,0.0
211,157,0.0
211,158,0.0
211,159,0.0
211,160,0.0
211,161,0.0
211,162,0.0
211,163,0.0
211,164,0.0
211,165,0.0
211,166,0.0
211,167,0.0
211,168,0.0
211,169,0.0
211,170,0.0
211,171,0.0
211,172,0.0
211,173,0.0
211,174,0.0
211,175,0.0
211,176,0.0
211,177,0.0
211,178,0.0
211,179,0.0
211,180,0.0
211,181,0.0
211,182,0.0
211,183,0.0
211,184,0.0
211,185,0.0
211,186,0.0
211,187,0.0
211,188,0.0
211,189,0.0
211,190,0.0
211,191,0.0
211,192,0.0
211,193,0.0
211,194,0.0
211,195,0.0
211,196,0.0
211,197,0.0
211,198,0.0
211,199,0.0
211,200,0.0
211,201,0.0
211,202,0.0
211,203,0.0
211,204,0.0
211,205,0.0
211,206,0.0
211,207,0.0
211,208,0.0
211,209,0.0
211,210,0.0
